{
  "distillation_mae": 0.0030115179251879454,
  "coreml_pytorch_mae": 8.853355393512174e-05,
  "coreml_teacher_mae": 0.0030160394962877035,
  "output_shape": [
    200,
    29
  ],
  "size_bytes": 188773,
  "size_mb": 0.18002796173095703
}