{
  "checkpoint_epoch": 126,
  "validation_accuracy": 0.9975589608904233,
  "test_accuracy": 0.9973881607236705,
  "safety_mae": 0.029189882475229186,
  "anomaly_mae": 0.016163920190263404,
  "per_class_accuracy": {
    "app_bundle": 1.0,
    "archive": 1.0,
    "audio": 0.9991575400168492,
    "backup_dir": 1.0,
    "build_output": 0.9684111759799833,
    "cache_dir": 0.9982087300839069,
    "cache_file": 1.0,
    "cargo_target": 0.9808267609464237,
    "config_file": 1.0,
    "directory": 0.9993541355508013,
    "disk_image": 1.0,
    "document": 0.9997085822526592,
    "executable": 1.0,
    "file": 0.9999369562476359,
    "git_dir": 0.9996696399074991,
    "image": 1.0,
    "language_file": 1.0,
    "library_dir": 1.0,
    "library_file": 1.0,
    "log_dir": 1.0,
    "log_file": 1.0,
    "object_file": 1.0,
    "python_cache": 1.0,
    "root": 1.0,
    "source_code": 0.9996129132151428,
    "trash": 1.0,
    "video": 1.0
  },
  "worst_class": {
    "name": "build_output",
    "accuracy": 0.9684111759799833
  },
  "cache_dir_to_config_file_confusion": 0.0,
  "safe_unsafe_boundary_confusion": 0.000139306485877805,
  "cpu_latency_ms_200_nodes": 0.9521603999019135
}